Programas e aplicativos	Programs and apps	Programas y aplicaciones
Tecnologia para o drone agrícola	Technology for agricultural drones	Tecnología para drones agrícolas
Feito por quem	Made by someone who	Hecho por quien
voa	flies	vuela
e conhece a lavoura.	and knows the fields.	y conoce el campo.
Programas e aplicativos para operar drones com mais segurança e menos retrabalho.	Programs and apps for safer drone operations with less rework.	Programas y aplicaciones para operar drones con más seguridad y menos trabajo repetido.
Ver os programas	View programs	Ver los programas
XAG e DJI	XAG and DJI	XAG y DJI
XGuri e DGuri: mapas de pulverização no computador e no celular.	XGuri and DGuri: spraying maps on your computer and phone.	XGuri y DGuri: mapas de pulverización en tu computadora y celular.
Ver →	View →	Ver →
Programas e aplicativos · Guri dos Drones	Programs and apps · Guri dos Drones	Programas y aplicaciones · Guri dos Drones
Gere mapas de aplicação para drones agrícolas. Escolha XGuri para drones XAG ou DGuri para drones DJI, na versão para computador ou celular Android.	Create application maps for agricultural drones. Choose XGuri for XAG drones or DGuri for DJI drones, for your computer or Android phone.	Genera mapas de aplicación para drones agrícolas. Elige XGuri para drones XAG o DGuri para drones DJI, para computadora o celular Android.
Programa para computador · Drones XAG	Desktop program · XAG drones	Programa para computadora · Drones XAG
Programa para computador · Drones DJI	Desktop program · DJI drones	Programa para computadora · Drones DJI
Aplicativo para celular · Drones XAG	Mobile app · XAG drones	Aplicación para celular · Drones XAG
Aplicativo para celular · Drones DJI	Mobile app · DJI drones	Aplicación para celular · Drones DJI
Programa para computador que gera mapas de aplicação para drones agrícolas da XAG.	Desktop program that creates application maps for XAG agricultural drones.	Programa para computadora que genera mapas de aplicación para drones agrícolas XAG.
Programa para computador que gera mapas de aplicação para drones agrícolas da DJI.	Desktop program that creates application maps for DJI agricultural drones.	Programa para computadora que genera mapas de aplicación para drones agrícolas DJI.
Aplicativo para celular Android que gera mapas de aplicação para drones agrícolas da XAG.	Android app that creates application maps for XAG agricultural drones.	Aplicación para celular Android que genera mapas de aplicación para drones agrícolas XAG.
Aplicativo para celular Android que gera mapas de aplicação para drones agrícolas da DJI.	Android app that creates application maps for DJI agricultural drones.	Aplicación para celular Android que genera mapas de aplicación para drones agrícolas DJI.
Monta o mapa a partir das fotos do drone	Builds a map from drone photos	Crea el mapa a partir de las fotos del dron
Desenha talhões, obstáculos e rotas de pulverização	Draws field boundaries, obstacles and spraying routes	Dibuja parcelas, obstáculos y rutas de pulverización
Aplicação localizada e taxa variável	Spot application and variable rate	Aplicación localizada y dosis variable
Envia o mapa pronto para o controle	Sends the finished map to the remote controller	Envía el mapa terminado al control remoto
Ver preço e licença	View pricing and license	Ver precio y licencia
Preço da licença: sob consulta.	License price: contact us for a quote.	Precio de la licencia: consultar.
Consultar preço	Ask about pricing	Consultar precio
Começa com tudo liberado por 24 horas. Depois disso, vale a tabela. O programa nunca fecha por falta de licença.	All features are unlocked for the first 24 hours. After that, the table applies. The program never shuts down for lack of a license.	Todas las funciones están habilitadas durante las primeras 24 horas. Después se aplica la tabla. El programa nunca se cierra por falta de licencia.
Recurso	Feature	Función
Grátis	Free	Gratis
Com anúncio	With an ad	Con anuncio
Com licença	With a license	Con licencia
Processar as fotos e montar o mapa	Process photos and build the map	Procesar las fotos y crear el mapa
Qualidade média, alta e máxima (mais lenta)	Medium, high and maximum quality (slower)	Calidad media, alta y máxima (más lenta)
Criar o mapa de aplicação	Create the application map	Crear el mapa de aplicación
Até 150 fotos por voo	Up to 150 photos per flight	Hasta 150 fotos por vuelo
Até 250 fotos por voo	Up to 250 photos per flight	Hasta 250 fotos por vuelo
Um anúncio vale um processamento	One ad unlocks one processing run	Un anuncio habilita un procesamiento
Mais de 250 fotos por voo	More than 250 photos per flight	Más de 250 fotos por vuelo
Processamento rápido	Fast processing	Procesamiento rápido
Um anúncio vale um uso	One ad unlocks one use	Un anuncio habilita un uso
Ponto de calibração do mapa	Map calibration point	Punto de calibración del mapa
Área de aplicação redonda	Circular application area	Área de aplicación circular
Mapa HD	HD map	Mapa HD
Mapa de taxa variável	Variable-rate map	Mapa de dosis variable
Rota personalizada	Custom route	Ruta personalizada
Aplicação localizada	Spot application	Aplicación localizada
Anúncio: vídeo de 60 segundos que libera um uso do recurso.	Ad: a 60-second video that unlocks one use of the feature.	Anuncio: video de 60 segundos que habilita un uso de la función.
Baixar XGuri para computador →	Download XGuri for desktop →	Descargar XGuri para computadora →
Baixar DGuri para computador →	Download DGuri for desktop →	Descargar DGuri para computadora →
Baixar XGuri para Android →	Download XGuri for Android →	Descargar XGuri para Android →
Baixar DGuri para Android →	Download DGuri for Android →	Descargar DGuri para Android →
Desenha a área no satélite e faz o voo de mapeamento	Draws the area on satellite imagery and flies the mapping mission	Dibuja el área sobre imágenes satelitales y realiza el vuelo de mapeo
Baixa as fotos do drone e monta o mapa ali mesmo	Downloads drone photos and builds the map right on your phone	Descarga las fotos del dron y crea el mapa en el celular
Gera o mapa de aplicação para o XAG One	Creates the application map for XAG One	Genera el mapa de aplicación para XAG One
Funciona no campo, sem precisar do computador	Works in the field without a computer	Funciona en el campo sin necesidad de computadora
As liberações do aplicativo ainda estão sendo definidas. Por enquanto, na versão de teste, tudo está liberado.	App feature access is still being defined. For now, all features are unlocked in the test version.	Las funciones habilitadas de la aplicación aún se están definiendo. Por ahora, la versión de prueba tiene todo habilitado.
Mapa de aplicação no formato que o controle da DJI lê	Application map in a format supported by the DJI controller	Mapa de aplicación en el formato que lee el control DJI
Obstáculos marcados como furos na área	Obstacles marked as holes within the area	Obstáculos marcados como huecos dentro del área
Pronto para copiar no cartão de memória do controle	Ready to copy to the controller's memory card	Listo para copiar a la tarjeta de memoria del control
As liberações do programa DGuri ainda estão sendo definidas.	DGuri program feature access is still being defined.	Las funciones habilitadas del programa DGuri aún se están definiendo.
Voa o drone e tira as fotos da área sozinho	Automatically flies the drone and takes photos of the area	Vuela el dron y toma fotos del área automáticamente
Monta o mapa (ortomosaico) no próprio celular	Builds the map (orthomosaic) on the phone itself	Crea el mapa (ortomosaico) en el propio celular
Desenha a área, os obstáculos e o ponto de calibração	Draws the area, obstacles and calibration point	Dibuja el área, los obstáculos y el punto de calibración
Gera o mapa para importar no controle da DJI	Creates the map for import into the DJI controller	Genera el mapa para importar al control DJI
Baixar XGuri 1.1.4 · Guri dos Drones	Download XGuri 1.1.4 · Guri dos Drones	Descargar XGuri 1.1.4 · Guri dos Drones
Download para computador	Desktop download	Descarga para computadora
Escolha o instalador completo para a primeira instalação. Se o XGuri e o motor de processamento já estão instalados, use o pacote de atualização.	Choose the full installer for your first installation. If XGuri and the processing engine are already installed, use the update package.	Elige el instalador completo para la primera instalación. Si XGuri y el motor de procesamiento ya están instalados, usa el paquete de actualización.
Instalador completo	Full installer	Instalador completo
467 MB · Windows 64 bits	467 MB · 64-bit Windows	467 MB · Windows de 64 bits
238 MB · Windows 64 bits	238 MB · 64-bit Windows	238 MB · Windows de 64 bits
Baixar instalador completo →	Download full installer →	Descargar instalador completo →
Conferir SHA-256	Check SHA-256	Verificar SHA-256
Atualização para quem já tem o XGuri	Update for existing XGuri users	Actualización para quienes ya tienen XGuri
Baixar atualização para quem já tem o xguri →	Download update for existing XGuri users →	Descargar actualización para quienes ya tienen XGuri →
Novidades desta versão	What's new in this version	Novedades de esta versión
Identificação automática por cores, com amostras verdes e azuis e borracha para corrigir as marcações.	Automatic color identification, with green and blue samples and an eraser to correct markings.	Identificación automática por colores, con muestras verdes y azules y borrador para corregir las marcas.
Revisão com pintura, borracha e opção de limpar tudo após o preenchimento.	Review with painting, eraser and a clear-all option after filling.	Revisión con pintura, borrador y opción de borrar todo después del relleno.
Campos numerados, dosagens no mapa e exportação em arquivos com até três campos.	Numbered fields, application rates on the map and export files with up to three fields.	Campos numerados, dosis en el mapa y exportación en archivos de hasta tres campos.
Processamento adaptado ao computador e seleção de fotos de várias pastas.	Processing adapted to your computer and photo selection from multiple folders.	Procesamiento adaptado a la computadora y selección de fotos de varias carpetas.
Central e suporte dentro de Configurações.	Central hub and support within Settings.	Central y soporte dentro de Configuración.
A identificação usa as cores das amostras indicadas por você. Confira o mapa antes de aplicar.	Identification uses the colors of the samples you select. Check the map before applying.	La identificación usa los colores de las muestras que seleccionas. Revisa el mapa antes de aplicar.
Baixar XGuri Portátil 1.35 para Android · Guri dos Drones	Download XGuri Portátil 1.35 for Android · Guri dos Drones	Descargar XGuri Portátil 1.35 para Android · Guri dos Drones
Aplicativo Android · atualização opcional 1.35	Android app · optional update 1.35	Aplicación Android · actualización opcional 1.35
Baixar XGuri Portátil	Download XGuri Portátil	Descargar XGuri Portátil
Escolha a versão compatível com o seu drone. Depois, você pode trocar entre Versão 1 e Versão 2 dentro das configurações do XGuri.	Choose the version compatible with your drone. You can later switch between Version 1 and Version 2 in XGuri settings.	Elige la versión compatible con tu dron. Después puedes cambiar entre Versión 1 y Versión 2 en la configuración de XGuri.
← Voltar aos programas e aplicativos	← Back to programs and apps	← Volver a programas y aplicaciones
Já tem o XGuri instalado?	Already have XGuri installed?	¿Ya tienes XGuri instalado?
Instale por cima para manter seus projetos e configurações. Não é necessário desinstalar nem limpar os dados.	Install over the existing app to keep your projects and settings. There is no need to uninstall or clear data.	Instala sobre la aplicación existente para conservar proyectos y configuración. No es necesario desinstalar ni borrar los datos.
Versão 1	Version 1	Versión 1
Versão 2	Version 2	Versión 2
Confira os drones que esta versão conecta antes de baixar.	Check which drones this version connects to before downloading.	Consulta qué drones conecta esta versión antes de descargar.
Drones compatíveis (24)	Compatible drones (24)	Drones compatibles (24)
Drones compatíveis (7)	Compatible drones (7)	Drones compatibles (7)
Baixar Versão 1	Download Version 1	Descargar Versión 1
Baixar Versão 2	Download Version 2	Descargar Versión 2
Android 8 ou superior · aparelho de 64 bits	Android 8 or later · 64-bit device	Android 8 o superior · dispositivo de 64 bits
Disponível para testes.	Available for testing.	Disponible para pruebas.
Abertura e registro DJI conferidos em celular Android 15. A conexão com o controle, vídeo e voo ainda precisam de validação com o drone. Confira os modelos atendidos abaixo.	App startup and DJI registration checked on an Android 15 phone. Controller connection, video and flight still need validation with the drone. See supported models below.	Inicio y registro DJI verificados en un celular Android 15. La conexión con el control, el video y el vuelo aún requieren validación con el dron. Consulta los modelos compatibles a continuación.
No aplicativo, cada modelo também informa o controle necessário e onde instalar o app.	In the app, each model also lists the required controller and where to install the app.	En la aplicación, cada modelo también indica el control necesario y dónde instalar la app.
Se a Versão 2 encerrar	If Version 2 closes unexpectedly	Si la Versión 2 se cierra
Se aparecer a tela de recuperação, use	If the recovery screen appears, use	Si aparece la pantalla de recuperación, usa
Compartilhar diagnóstico	Share diagnostics	Compartir diagnóstico
para registrar o erro. Para voltar, abra esta página pelo navegador, baixe a	to record the error. To switch back, open this page in your browser, download	para registrar el error. Para volver, abre esta página en el navegador, descarga la
Versão 1 da atualização 1.35	Version 1 of update 1.35	Versión 1 de la actualización 1.35
e instale por cima. Não desinstale o XGuri nem limpe os dados.	and install over the existing app. Do not uninstall XGuri or clear data.	e instala sobre la aplicación existente. No desinstales XGuri ni borres los datos.
Baixar Versão 1 para voltar	Download Version 1 to switch back	Descargar Versión 1 para volver
Troque de versão dentro do aplicativo	Switch versions within the app	Cambia de versión dentro de la aplicación
Abra	Open	Abre
Configurações → Dispositivos da outra versão	Settings → Devices in the other version	Configuración → Dispositivos de la otra versión
Confira as duas listas e toque em	Check both lists and tap	Revisa las dos listas y toca
Quero usar essa versão	I want to use this version	Quiero usar esta versión
junto da versão desejada.	next to the version you want.	junto a la versión deseada.
O XGuri baixa o arquivo correspondente. Confirme a instalação solicitada pelo Android.	XGuri downloads the corresponding file. Confirm the installation requested by Android.	XGuri descarga el archivo correspondiente. Confirma la instalación solicitada por Android.
Abra o XGuri novamente. Para voltar à outra versão, use a mesma tela.	Open XGuri again. To switch back to the other version, use the same screen.	Abre XGuri de nuevo. Para volver a la otra versión, usa la misma pantalla.
A troca mantém os dados e funciona mesmo quando as duas opções têm o mesmo número de atualização.	Switching preserves your data and works even when both options have the same update number.	El cambio conserva los datos y funciona incluso cuando ambas opciones tienen el mismo número de actualización.
Preciso de ajuda	I need help	Necesito ayuda
DGuri Portátil · Download e drones compatíveis	DGuri Portátil · Download and compatible drones	DGuri Portátil · Descarga y drones compatibles
DGuri Portátil · Android · versão 0.13.10	DGuri Portátil · Android · version 0.13.10	DGuri Portátil · Android · versión 0.13.10
Baixe o DGuri Portátil	Download DGuri Portátil	Descarga DGuri Portátil
Baixar DGuri Portátil	Download DGuri Portátil	Descargar DGuri Portátil
Mapeamento, mapa de aplicação e preparação das fotos para o DJI Smart Farm Web. Confira abaixo os drones compatíveis e	Mapping, application maps and photo preparation for DJI Smart Farm Web. Check compatible drones below and	Mapeo, mapas de aplicación y preparación de fotos para DJI Smart Farm Web. Consulta los drones compatibles a continuación y
mude entre SDK 4 e SDK 5 dentro do aplicativo	switch between SDK 4 and SDK 5 within the app	cambia entre SDK 4 y SDK 5 dentro de la aplicación
, quando precisar.	, whenever needed.	, cuando lo necesites.
Versão 0.13.10 · 97 MB · Android 8 ou superior · dispositivo de 64 bits	Version 0.13.10 · 97 MB · Android 8 or later · 64-bit device	Versión 0.13.10 · 97 MB · Android 8 o superior · dispositivo de 64 bits
O download já vem com	The download includes	La descarga ya incluye
. Se seu drone precisar do SDK 5, faça a troca nas Configurações do aplicativo.	. If your drone needs SDK 5, switch in the app Settings.	. Si tu dron necesita SDK 5, cambia en la Configuración de la aplicación.
A escolha da versão é dentro do app	Choose your version within the app	La versión se elige dentro de la app
Baixe e instale o DGuri. Se ele já estiver instalado, toque em	Download and install DGuri. If it is already installed, tap	Descarga e instala DGuri. Si ya está instalado, toca
Atualizar	Update	Actualizar
, sem desinstalar nem limpar os dados.	, without uninstalling or clearing data.	, sin desinstalar ni borrar los datos.
Configurações	Settings	Configuración
e veja em qual lista seu drone aparece:	and check which list contains your drone:	y revisa en qué lista aparece tu dron:
Versão SDK 4	SDK 4 version	Versión SDK 4
Versão SDK 5	SDK 5 version	Versión SDK 5
ou	or	o
. A versão instalada fica identificada.	. The installed version is marked.	. La versión instalada aparece identificada.
Se precisar da outra versão, toque no botão verde	If you need the other version, tap the green button	Si necesitas la otra versión, toca el botón verde
. O aplicativo baixa o pacote; confirme a instalação no Android e abra o DGuri novamente.	. The app downloads the package; confirm installation on Android and open DGuri again.	. La aplicación descarga el paquete; confirma la instalación en Android y abre DGuri de nuevo.
Seus projetos e configurações são mantidos. Mudou de drone? Faça a troca pelo mesmo botão dentro do aplicativo.	Your projects and settings are preserved. Changed drones? Switch using the same button in the app.	Se conservan tus proyectos y configuración. ¿Cambiaste de dron? Cambia de versión con el mismo botón dentro de la aplicación.
Fotos organizadas para o DJI Smart Farm Web	Photos organized for DJI Smart Farm Web	Fotos organizadas para DJI Smart Farm Web
No aplicativo, selecione a pasta das fotos do voo, normalmente dentro de	In the app, select the flight photo folder, usually inside	En la aplicación, selecciona la carpeta de fotos del vuelo, normalmente dentro de
. As cópias preparadas ficam em	. Prepared copies are saved in	. Las copias preparadas se guardan en
, em uma pasta com a data do dia. As fotos originais são mantidas.	, in a folder named with today's date. Original photos are preserved.	, en una carpeta con la fecha del día. Se conservan las fotos originales.
Nas Configurações, você pode ativar a limpeza para manter só as	In Settings, you can enable cleanup to keep only the	En Configuración, puedes activar la limpieza para conservar solo las
10 pastas corrigidas mais recentes	10 most recent corrected folders	10 carpetas corregidas más recientes
. Ela vem desligada e só apaga lotes concluídos criados pelo app. Depois do preparo, abra o site da DJI e selecione as fotos corrigidas para enviar.	. It is off by default and only deletes completed batches created by the app. After preparation, open the DJI website and select the corrected photos to upload.	. Está desactivada por defecto y solo borra lotes finalizados creados por la app. Después de la preparación, abre el sitio de DJI y selecciona las fotos corregidas para subirlas.
Quais drones conectam no aplicativo?	Which drones connect to the app?	¿Qué drones se conectan a la aplicación?
Cada versão atende aos modelos da sua lista. Use o controle compatível com seu drone.	Each version supports the models in its list. Use the controller compatible with your drone.	Cada versión admite los modelos de su lista. Usa el control compatible con tu dron.
Mini 2, Air 2S, Mavic e Phantom	Mini 2, Air 2S, Mavic and Phantom	Mini 2, Air 2S, Mavic y Phantom
Requisitos de controle	Controller requirements	Requisitos del control
Phantom 4 Pro e Advanced: controle sem tela; versões Pro+ e Advanced+ não são compatíveis com este APK. Phantom 4 RTK: controle SDK sem tela.	Phantom 4 Pro and Advanced: controller without a screen; Pro+ and Advanced+ versions are not compatible with this APK. Phantom 4 RTK: SDK controller without a screen.	Phantom 4 Pro y Advanced: control sin pantalla; las versiones Pro+ y Advanced+ no son compatibles con este APK. Phantom 4 RTK: control SDK sin pantalla.
Smart Controller antigo: a instalação exige Android 8 ou superior. Spark e alguns Phantom 3 usam a conexão Wi-Fi do controle.	Older Smart Controller: installation requires Android 8 or later. Spark and some Phantom 3 models use the controller's Wi-Fi connection.	Smart Controller antiguo: la instalación requiere Android 8 o superior. Spark y algunos Phantom 3 usan la conexión Wi-Fi del control.
Mini 3, Mini 4 Pro e Mavic 3 Enterprise	Mini 3, Mini 4 Pro and Mavic 3 Enterprise	Mini 3, Mini 4 Pro y Mavic 3 Enterprise
Para o Mini 3, use o controle	For the Mini 3, use the	Para el Mini 3, usa el control
RC-N1 sem tela	RC-N1 controller without a screen	RC-N1 sin pantalla
, ligado ao celular Android por cabo.	, connected to your Android phone by cable.	, conectado al celular Android por cable.
Se o drone não conectar em 30 segundos na tela de voo, o app abre uma ajuda para conferir o aplicativo DJI, a conexão USB e a versão SDK.	If the drone does not connect within 30 seconds on the flight screen, the app opens help to check the DJI app, USB connection and SDK version.	Si el dron no se conecta en 30 segundos en la pantalla de vuelo, la app abre una ayuda para revisar la aplicación DJI, la conexión USB y la versión SDK.
Ajuda com drones e controles →	Help with drones and controllers →	Ayuda con drones y controles →
Referência de drones e controles DJI →	DJI drone and controller reference →	Referencia de drones y controles DJI →
© 2026 Guri dos Drones · DGuri Portátil é um aplicativo independente da DJI.	© 2026 Guri dos Drones · DGuri Portátil is an app independent of DJI.	© 2026 Guri dos Drones · DGuri Portátil es una aplicación independiente de DJI.
Contato · Guri dos Drones	Contact · Guri dos Drones	Contacto · Guri dos Drones
Contato e grupos	Contact and groups	Contacto y grupos
Vamos conversar?	Let's talk	¿Hablamos?
Dúvidas, licenças, simuladores ou parceria. Me chame.	Questions, licenses, simulators or partnerships. Get in touch.	Dudas, licencias, simuladores o colaboraciones. Contáctame.
Grupos	Groups	Grupos
Entre na comunidade	Join the community	Únete a la comunidad
Tire dúvidas, troque experiência e fique por dentro das novidades com outros pilotos.	Ask questions, share experiences and stay up to date with other pilots.	Resuelve dudas, comparte experiencias y conoce las novedades con otros pilotos.
Link em breve	Link coming soon	Enlace próximamente
Grupo de usuários	User group	Grupo de usuarios
XGuri e DGuri: dúvidas, dicas e atualizações.	XGuri and DGuri: questions, tips and updates.	XGuri y DGuri: dudas, consejos y actualizaciones.
Grupo de pilotos	Pilot group	Grupo de pilotos
Conversa entre pilotos de drone agrícola.	Conversations among agricultural drone pilots.	Conversaciones entre pilotos de drones agrícolas.
Grupo dos cursos	Course group	Grupo de cursos
Avisos e turmas dos cursos.	Course announcements and groups.	Avisos y grupos de los cursos.
Menu principal	Main menu	Menú principal
Download do aplicativo	App download	Descarga de la aplicación
